{
    "1": [
        1.4150971407624664,
        5.0,
        "ACTIVE",
        "10/20/2015",
        "Red Branch Honey Apple Cider",
        "Hard Cider"
    ], 
    "2": [
        4.739221041055719,
        5.0,
        "ACTIVE",
        "2/12/2016",
        "Ballast Point Sculpin IPA",
        "Sculpin IPA"
    ], 
    "3": [
        11.548178152492765,
        13.2,
        "ACTIVE",
        "2/19/2016",
        "Anchor Steam",
        "Anchor Steam"
    ]
}
